slug,name,name_ja,meaning,hex,rgb_r,rgb_g,rgb_b,hue,palette_count,canonical_url,api_url
black,Black,,,#111314,17,19,20,neutral,23,https://colorcombinations.org/colors/black/,https://colorcombinations.org/api/colors/black.json
pale-lemon-yellow,Pale Lemon Yellow,,,#ffefae,255,239,174,yellow,19,https://colorcombinations.org/colors/pale-lemon-yellow/,https://colorcombinations.org/api/colors/pale-lemon-yellow.json
raw-sienna,Raw Sienna,,,#bb7125,187,113,37,orange,19,https://colorcombinations.org/colors/raw-sienna/,https://colorcombinations.org/api/colors/raw-sienna.json
sulpher-yellow,Sulpher Yellow,,,#f5ecc2,245,236,194,yellow,18,https://colorcombinations.org/colors/sulpher-yellow/,https://colorcombinations.org/api/colors/sulpher-yellow.json
ivory-buff,Ivory Buff,,,#ebd3a2,235,211,162,yellow,16,https://colorcombinations.org/colors/ivory-buff/,https://colorcombinations.org/api/colors/ivory-buff.json
turquoise-green,Turquoise Green,,,#b5decc,181,222,204,green,16,https://colorcombinations.org/colors/turquoise-green/,https://colorcombinations.org/api/colors/turquoise-green.json
lemon-yellow,Lemon Yellow,,,#f8ed43,248,237,67,yellow,15,https://colorcombinations.org/colors/lemon-yellow/,https://colorcombinations.org/api/colors/lemon-yellow.json
cream-yellow,Cream Yellow,,,#fdbf68,253,191,104,orange,14,https://colorcombinations.org/colors/cream-yellow/,https://colorcombinations.org/api/colors/cream-yellow.json
eosine-pink,Eosine Pink,,,#f37f94,243,127,148,pink,14,https://colorcombinations.org/colors/eosine-pink/,https://colorcombinations.org/api/colors/eosine-pink.json
kinari,Kinari,生成,Unbleached natural,#F8F4E9,248,244,233,neutral,14,https://colorcombinations.org/colors/kinari/,https://colorcombinations.org/api/colors/kinari.json
yellow-orange,Yellow Orange,,,#f99d1b,249,157,27,orange,14,https://colorcombinations.org/colors/yellow-orange/,https://colorcombinations.org/api/colors/yellow-orange.json
antwarp-blue,Antwarp Blue,,,#007190,0,113,144,blue,13,https://colorcombinations.org/colors/antwarp-blue/,https://colorcombinations.org/api/colors/antwarp-blue.json
salvia-blue,Salvia Blue,,,#97acc8,151,172,200,blue,13,https://colorcombinations.org/colors/salvia-blue/,https://colorcombinations.org/api/colors/salvia-blue.json
slate-color,Slate Color,,,#34454c,52,69,76,blue,13,https://colorcombinations.org/colors/slate-color/,https://colorcombinations.org/api/colors/slate-color.json
blue,Blue,,,#006eb8,0,110,184,blue,12,https://colorcombinations.org/colors/blue/,https://colorcombinations.org/api/colors/blue.json
carmine-red,Carmine Red,,,#a62c37,166,44,55,red,12,https://colorcombinations.org/colors/carmine-red/,https://colorcombinations.org/api/colors/carmine-red.json
cobalt-green,Cobalt Green,,,#96d1aa,150,209,170,green,12,https://colorcombinations.org/colors/cobalt-green/,https://colorcombinations.org/api/colors/cobalt-green.json
corinthian-pink,Corinthian Pink,,,#f8b6ba,248,182,186,pink,12,https://colorcombinations.org/colors/corinthian-pink/,https://colorcombinations.org/api/colors/corinthian-pink.json
neutral-gray,Neutral Gray,,,#b6bfc1,182,191,193,neutral,12,https://colorcombinations.org/colors/neutral-gray/,https://colorcombinations.org/api/colors/neutral-gray.json
violet,Violet,,,#4f4086,79,64,134,blue,12,https://colorcombinations.org/colors/violet/,https://colorcombinations.org/api/colors/violet.json
aconite-violet,Aconite Violet,,,#a36aa5,163,106,165,purple,11,https://colorcombinations.org/colors/aconite-violet/,https://colorcombinations.org/api/colors/aconite-violet.json
benzol-green,Benzol Green,,,#00978d,0,151,141,blue,11,https://colorcombinations.org/colors/benzol-green/,https://colorcombinations.org/api/colors/benzol-green.json
hay-s-russet,Hay's Russet,,,#793327,121,51,39,red,11,https://colorcombinations.org/colors/hay-s-russet/,https://colorcombinations.org/api/colors/hay-s-russet.json
sea-green,Sea Green,,,#00b49b,0,180,155,blue,11,https://colorcombinations.org/colors/sea-green/,https://colorcombinations.org/api/colors/sea-green.json
violet-blue,Violet Blue,,,#40456a,64,69,106,blue,11,https://colorcombinations.org/colors/violet-blue/,https://colorcombinations.org/api/colors/violet-blue.json
apricot-yellow,Apricot Yellow,,,#ffdd00,255,221,0,yellow,10,https://colorcombinations.org/colors/apricot-yellow/,https://colorcombinations.org/api/colors/apricot-yellow.json
calamine-blue,Calamine BLue,,,#78cdd0,120,205,208,blue,10,https://colorcombinations.org/colors/calamine-blue/,https://colorcombinations.org/api/colors/calamine-blue.json
deep-lyons-blue,Deep Lyons Blue,,,#1c4286,28,66,134,blue,10,https://colorcombinations.org/colors/deep-lyons-blue/,https://colorcombinations.org/api/colors/deep-lyons-blue.json
deep-slate-olive,Deep Slate Olive,,,#253122,37,49,34,green,10,https://colorcombinations.org/colors/deep-slate-olive/,https://colorcombinations.org/api/colors/deep-slate-olive.json
golden-yellow,Golden Yellow,,,#f3a257,243,162,87,orange,10,https://colorcombinations.org/colors/golden-yellow/,https://colorcombinations.org/api/colors/golden-yellow.json
grenadine-pink,Grenadine Pink,,,#f48067,244,128,103,red,10,https://colorcombinations.org/colors/grenadine-pink/,https://colorcombinations.org/api/colors/grenadine-pink.json
light-brown-drab,Light Brown Drab,,,#b59392,181,147,146,red,10,https://colorcombinations.org/colors/light-brown-drab/,https://colorcombinations.org/api/colors/light-brown-drab.json
light-glaucous-blue,Light Glaucous Blue,,,#a5c8d1,165,200,209,blue,10,https://colorcombinations.org/colors/light-glaucous-blue/,https://colorcombinations.org/api/colors/light-glaucous-blue.json
ochraceous-salmon,Ochraceous Salmon,,,#d8a37b,216,163,123,orange,10,https://colorcombinations.org/colors/ochraceous-salmon/,https://colorcombinations.org/api/colors/ochraceous-salmon.json
sumi,Sumi,墨,Ink black,#2B2B2B,43,43,43,neutral,10,https://colorcombinations.org/colors/sumi/,https://colorcombinations.org/api/colors/sumi.json
burnt-sienna,Burnt Sienna,,,#ae5224,174,82,36,orange,9,https://colorcombinations.org/colors/burnt-sienna/,https://colorcombinations.org/api/colors/burnt-sienna.json
cinnamon-buff,Cinnamon Buff,,,#fdc57e,253,197,126,orange,9,https://colorcombinations.org/colors/cinnamon-buff/,https://colorcombinations.org/api/colors/cinnamon-buff.json
cossack-green,Cossack Green,,,#437742,67,119,66,green,9,https://colorcombinations.org/colors/cossack-green/,https://colorcombinations.org/api/colors/cossack-green.json
green-blue,Green Blue,,,#099197,9,145,151,blue,9,https://colorcombinations.org/colors/green-blue/,https://colorcombinations.org/api/colors/green-blue.json
pale-king-s-blue,Pale King's Blue,,,#a7d4e4,167,212,228,blue,9,https://colorcombinations.org/colors/pale-king-s-blue/,https://colorcombinations.org/api/colors/pale-king-s-blue.json
pinkish-cinnamon,Pinkish Cinnamon,,,#eeb480,238,180,128,orange,9,https://colorcombinations.org/colors/pinkish-cinnamon/,https://colorcombinations.org/api/colors/pinkish-cinnamon.json
seashell-pink,Seashell Pink,,,#fdd4bd,253,212,189,orange,9,https://colorcombinations.org/colors/seashell-pink/,https://colorcombinations.org/api/colors/seashell-pink.json
carmine,Carmine,,,#cc1236,204,18,54,red,8,https://colorcombinations.org/colors/carmine/,https://colorcombinations.org/api/colors/carmine.json
cerulian-blue,Cerulian Blue,,,#0093a5,0,147,165,blue,8,https://colorcombinations.org/colors/cerulian-blue/,https://colorcombinations.org/api/colors/cerulian-blue.json
citron-yellow,Citron Yellow,,,#b2b73e,178,183,62,yellow,8,https://colorcombinations.org/colors/citron-yellow/,https://colorcombinations.org/api/colors/citron-yellow.json
dull-violet-black,Dull Violet Black,,,#1e0e3f,30,14,63,blue,8,https://colorcombinations.org/colors/dull-violet-black/,https://colorcombinations.org/api/colors/dull-violet-black.json
dusky-green,Dusky Green,,,#004f46,0,79,70,blue,8,https://colorcombinations.org/colors/dusky-green/,https://colorcombinations.org/api/colors/dusky-green.json
ecru,Ecru,,,#c2ae93,194,174,147,orange,8,https://colorcombinations.org/colors/ecru/,https://colorcombinations.org/api/colors/ecru.json
eugenia-red-b,Eugenia Red | B,,,#da525d,218,82,93,pink,8,https://colorcombinations.org/colors/eugenia-red-b/,https://colorcombinations.org/api/colors/eugenia-red-b.json
gofun,Gofun,胡粉,Chalk white,#F4EEE0,244,238,224,yellow,8,https://colorcombinations.org/colors/gofun/,https://colorcombinations.org/api/colors/gofun.json
grayish-lavender-b,Grayish Lavender - B,,,#c0a9b3,192,169,179,pink,8,https://colorcombinations.org/colors/grayish-lavender-b/,https://colorcombinations.org/api/colors/grayish-lavender-b.json
helvetia-blue,Helvetia Blue,,,#005b8d,0,91,141,blue,8,https://colorcombinations.org/colors/helvetia-blue/,https://colorcombinations.org/api/colors/helvetia-blue.json
orange-yellow,Orange Yellow,,,#fcb315,252,179,21,yellow,8,https://colorcombinations.org/colors/orange-yellow/,https://colorcombinations.org/api/colors/orange-yellow.json
pale-burnt-lake,Pale Burnt Lake,,,#802626,128,38,38,red,8,https://colorcombinations.org/colors/pale-burnt-lake/,https://colorcombinations.org/api/colors/pale-burnt-lake.json
peach-red,Peach Red,,,#f15a30,241,90,48,red,8,https://colorcombinations.org/colors/peach-red/,https://colorcombinations.org/api/colors/peach-red.json
red-violet,Red Violet,,,#59256a,89,37,106,purple,8,https://colorcombinations.org/colors/red-violet/,https://colorcombinations.org/api/colors/red-violet.json
warm-gray,Warm Gray,,,#a1a39a,161,163,154,neutral,8,https://colorcombinations.org/colors/warm-gray/,https://colorcombinations.org/api/colors/warm-gray.json
yellow,Yellow,,,#fff200,255,242,0,yellow,8,https://colorcombinations.org/colors/yellow/,https://colorcombinations.org/api/colors/yellow.json
yellow-ocher,Yellow Ocher,,,#e2b540,226,181,64,yellow,8,https://colorcombinations.org/colors/yellow-ocher/,https://colorcombinations.org/api/colors/yellow-ocher.json
cinnamon-rufous,Cinnamon Rufous,,,#c27544,194,117,68,orange,7,https://colorcombinations.org/colors/cinnamon-rufous/,https://colorcombinations.org/api/colors/cinnamon-rufous.json
cotinga-purple,Cotinga Purple,,,#501345,80,19,69,purple,7,https://colorcombinations.org/colors/cotinga-purple/,https://colorcombinations.org/api/colors/cotinga-purple.json
dark-tyrian-blue,Dark Tyrian Blue,,,#12354e,18,53,78,blue,7,https://colorcombinations.org/colors/dark-tyrian-blue/,https://colorcombinations.org/api/colors/dark-tyrian-blue.json
deep-indigo,Deep Indigo,,,#051230,5,18,48,blue,7,https://colorcombinations.org/colors/deep-indigo/,https://colorcombinations.org/api/colors/deep-indigo.json
etruscan-red,Etruscan Red,,,#c55347,197,83,71,red,7,https://colorcombinations.org/colors/etruscan-red/,https://colorcombinations.org/api/colors/etruscan-red.json
grayish-lavender-a,Grayish Lavender - A,,,#b5b1d8,181,177,216,blue,7,https://colorcombinations.org/colors/grayish-lavender-a/,https://colorcombinations.org/api/colors/grayish-lavender-a.json
light-mauve,Light Mauve,,,#9a72aa,154,114,170,purple,7,https://colorcombinations.org/colors/light-mauve/,https://colorcombinations.org/api/colors/light-mauve.json
madder-brown,Madder Brown,,,#762c19,118,44,25,red,7,https://colorcombinations.org/colors/madder-brown/,https://colorcombinations.org/api/colors/madder-brown.json
nile-blue,Nile Blue,,,#bce4e5,188,228,229,blue,7,https://colorcombinations.org/colors/nile-blue/,https://colorcombinations.org/api/colors/nile-blue.json
olive,Olive,,,#837e31,131,126,49,yellow,7,https://colorcombinations.org/colors/olive/,https://colorcombinations.org/api/colors/olive.json
olive-ocher,Olive Ocher,,,#d6b43e,214,180,62,yellow,7,https://colorcombinations.org/colors/olive-ocher/,https://colorcombinations.org/api/colors/olive-ocher.json
olympic-blue,Olympic Blue,,,#5a82b3,90,130,179,blue,7,https://colorcombinations.org/colors/olympic-blue/,https://colorcombinations.org/api/colors/olympic-blue.json
orange,Orange,,,#f37420,243,116,32,orange,7,https://colorcombinations.org/colors/orange/,https://colorcombinations.org/api/colors/orange.json
spinel-red,Spinel Red,,,#f27291,242,114,145,pink,7,https://colorcombinations.org/colors/spinel-red/,https://colorcombinations.org/api/colors/spinel-red.json
taupe-brown,Taupe Brown,,,#7a4456,122,68,86,purple,7,https://colorcombinations.org/colors/taupe-brown/,https://colorcombinations.org/api/colors/taupe-brown.json
vandar-poel-s-blue,Vandar Poel's Blue,,,#064f6e,6,79,110,blue,7,https://colorcombinations.org/colors/vandar-poel-s-blue/,https://colorcombinations.org/api/colors/vandar-poel-s-blue.json
vinaceous-cinnamon,Vinaceous Cinnamon,,,#eea78c,238,167,140,orange,7,https://colorcombinations.org/colors/vinaceous-cinnamon/,https://colorcombinations.org/api/colors/vinaceous-cinnamon.json
cameo-pink,Cameo Pink,,,#e0b3b6,224,179,182,pink,6,https://colorcombinations.org/colors/cameo-pink/,https://colorcombinations.org/api/colors/cameo-pink.json
deep-slate-green,Deep Slate Green,,,#112f2c,17,47,44,blue,6,https://colorcombinations.org/colors/deep-slate-green/,https://colorcombinations.org/api/colors/deep-slate-green.json
diamine-green,Diamine Green,,,#1a7444,26,116,68,green,6,https://colorcombinations.org/colors/diamine-green/,https://colorcombinations.org/api/colors/diamine-green.json
dusky-madder-violet,Dusky Madder Violet,,,#4e1d4c,78,29,76,purple,6,https://colorcombinations.org/colors/dusky-madder-violet/,https://colorcombinations.org/api/colors/dusky-madder-violet.json
glaucous-green,Glaucous Green,,,#b4cdc2,180,205,194,green,6,https://colorcombinations.org/colors/glaucous-green/,https://colorcombinations.org/api/colors/glaucous-green.json
lincoln-green,Lincoln Green,,,#555832,85,88,50,yellow,6,https://colorcombinations.org/colors/lincoln-green/,https://colorcombinations.org/api/colors/lincoln-green.json
naples-yellow,Naples Yellow,,,#fbe6a0,251,230,160,yellow,6,https://colorcombinations.org/colors/naples-yellow/,https://colorcombinations.org/api/colors/naples-yellow.json
pompeian-red,Pompeian Red,,,#ab2439,171,36,57,red,6,https://colorcombinations.org/colors/pompeian-red/,https://colorcombinations.org/api/colors/pompeian-red.json
rosolanc-purple,Rosolanc Purple,,,#b73f74,183,63,116,purple,6,https://colorcombinations.org/colors/rosolanc-purple/,https://colorcombinations.org/api/colors/rosolanc-purple.json
vandyke-brown,Vandyke Brown,,,#4b3317,75,51,23,orange,6,https://colorcombinations.org/colors/vandyke-brown/,https://colorcombinations.org/api/colors/vandyke-brown.json
venice-green,Venice Green,,,#62c6bf,98,198,191,blue,6,https://colorcombinations.org/colors/venice-green/,https://colorcombinations.org/api/colors/venice-green.json
vistoris-lake,Vistoris Lake,,,#6d4145,109,65,69,red,6,https://colorcombinations.org/colors/vistoris-lake/,https://colorcombinations.org/api/colors/vistoris-lake.json
blue-violet,Blue Violet,,,#6450a1,100,80,161,blue,5,https://colorcombinations.org/colors/blue-violet/,https://colorcombinations.org/api/colors/blue-violet.json
brick-red,Brick Red,,,#a84222,168,66,34,red,5,https://colorcombinations.org/colors/brick-red/,https://colorcombinations.org/api/colors/brick-red.json
citrine,Citrine,,,#b09f36,176,159,54,yellow,5,https://colorcombinations.org/colors/citrine/,https://colorcombinations.org/api/colors/citrine.json
english-red,English Red,,,#d96629,217,102,41,orange,5,https://colorcombinations.org/colors/english-red/,https://colorcombinations.org/api/colors/english-red.json
khaki,Khaki,,,#bc892b,188,137,43,orange,5,https://colorcombinations.org/colors/khaki/,https://colorcombinations.org/api/colors/khaki.json
kogane,Kogane,黄金,Gold leaf,#C5AC6B,197,172,107,brown,5,https://colorcombinations.org/colors/kogane/,https://colorcombinations.org/api/colors/kogane.json
light-green-yellow,Light Green Yellow,,,#c7d14f,199,209,79,yellow,5,https://colorcombinations.org/colors/light-green-yellow/,https://colorcombinations.org/api/colors/light-green-yellow.json
olive-buff,Olive Buff,,,#c1c494,193,196,148,yellow,5,https://colorcombinations.org/colors/olive-buff/,https://colorcombinations.org/api/colors/olive-buff.json
pale-raw-umber,Pale Raw Umber,,,#71502f,113,80,47,brown,5,https://colorcombinations.org/colors/pale-raw-umber/,https://colorcombinations.org/api/colors/pale-raw-umber.json
rainette-green,Rainette Green,,,#8fa071,143,160,113,green,5,https://colorcombinations.org/colors/rainette-green/,https://colorcombinations.org/api/colors/rainette-green.json
red-orange,Red Orange,,,#dd4027,221,64,39,red,5,https://colorcombinations.org/colors/red-orange/,https://colorcombinations.org/api/colors/red-orange.json
sulphine-yellow,Sulphine Yellow,,,#c19f2c,193,159,44,yellow,5,https://colorcombinations.org/colors/sulphine-yellow/,https://colorcombinations.org/api/colors/sulphine-yellow.json
vandyke-red,Vandyke Red,,,#82241f,130,36,31,red,5,https://colorcombinations.org/colors/vandyke-red/,https://colorcombinations.org/api/colors/vandyke-red.json
yellow-green,Yellow Green,,,#afd472,175,212,114,green,5,https://colorcombinations.org/colors/yellow-green/,https://colorcombinations.org/api/colors/yellow-green.json
apricot-orange,Apricot Orange,,,#f68c50,246,140,80,orange,4,https://colorcombinations.org/colors/apricot-orange/,https://colorcombinations.org/api/colors/apricot-orange.json
brown,Brown,,,#7c4226,124,66,38,orange,4,https://colorcombinations.org/colors/brown/,https://colorcombinations.org/api/colors/brown.json
chromium-green,Chromium Green,,,#719470,113,148,112,green,4,https://colorcombinations.org/colors/chromium-green/,https://colorcombinations.org/api/colors/chromium-green.json
coral-red,Coral Red,,,#f58e84,245,142,132,red,4,https://colorcombinations.org/colors/coral-red/,https://colorcombinations.org/api/colors/coral-red.json
dark-citrine,Dark Citrine,,,#8b835b,139,131,91,yellow,4,https://colorcombinations.org/colors/dark-citrine/,https://colorcombinations.org/api/colors/dark-citrine.json
dark-medici-blue,Dark Medici Blue,,,#547076,84,112,118,blue,4,https://colorcombinations.org/colors/dark-medici-blue/,https://colorcombinations.org/api/colors/dark-medici-blue.json
dull-viridian-green,Dull Viridian Green,,,#009465,0,148,101,green,4,https://colorcombinations.org/colors/dull-viridian-green/,https://colorcombinations.org/api/colors/dull-viridian-green.json
isabella-color,Isabella Color,,,#c5a56e,197,165,110,brown,4,https://colorcombinations.org/colors/isabella-color/,https://colorcombinations.org/api/colors/isabella-color.json
jasper-red,Jasper Red,,,#eb5324,235,83,36,red,4,https://colorcombinations.org/colors/jasper-red/,https://colorcombinations.org/api/colors/jasper-red.json
laelia-pink,Laelia Pink,,,#ca92a8,202,146,168,pink,4,https://colorcombinations.org/colors/laelia-pink/,https://colorcombinations.org/api/colors/laelia-pink.json
lilac,Lilac,,,#b984af,185,132,175,purple,4,https://colorcombinations.org/colors/lilac/,https://colorcombinations.org/api/colors/lilac.json
night-green,Night Green,,,#87c540,135,197,64,green,4,https://colorcombinations.org/colors/night-green/,https://colorcombinations.org/api/colors/night-green.json
old-rose,Old Rose,,,#d46d7a,212,109,122,pink,4,https://colorcombinations.org/colors/old-rose/,https://colorcombinations.org/api/colors/old-rose.json
olive-green,Olive Green,,,#6b7140,107,113,64,yellow,4,https://colorcombinations.org/colors/olive-green/,https://colorcombinations.org/api/colors/olive-green.json
olive-yellow,Olive Yellow,,,#a6a159,166,161,89,yellow,4,https://colorcombinations.org/colors/olive-yellow/,https://colorcombinations.org/api/colors/olive-yellow.json
pyrite-yellow,Pyrite Yellow,,,#cab356,202,179,86,yellow,4,https://colorcombinations.org/colors/pyrite-yellow/,https://colorcombinations.org/api/colors/pyrite-yellow.json
spectrum-red,Spectrum Red,,,#e31f26,227,31,38,red,4,https://colorcombinations.org/colors/spectrum-red/,https://colorcombinations.org/api/colors/spectrum-red.json
veronia-purple,Veronia Purple,,,#8c4c62,140,76,98,purple,4,https://colorcombinations.org/colors/veronia-purple/,https://colorcombinations.org/api/colors/veronia-purple.json
blackish-olive,Blackish Olive,,,#42533e,66,83,62,green,3,https://colorcombinations.org/colors/blackish-olive/,https://colorcombinations.org/api/colors/blackish-olive.json
buffy-citrine,Buffy Citrine,,,#96874d,150,135,77,yellow,3,https://colorcombinations.org/colors/buffy-citrine/,https://colorcombinations.org/api/colors/buffy-citrine.json
dark-soft-violet,Dark Soft Violet,,,#66629c,102,98,156,blue,3,https://colorcombinations.org/colors/dark-soft-violet/,https://colorcombinations.org/api/colors/dark-soft-violet.json
deep-violet-plumbeous,Deep Violet / Plumbeous,,,#70727c,112,114,124,neutral,3,https://colorcombinations.org/colors/deep-violet-plumbeous/,https://colorcombinations.org/api/colors/deep-violet-plumbeous.json
eupatorium-purple,Eupatorium Purple,,,#bf5892,191,88,146,purple,3,https://colorcombinations.org/colors/eupatorium-purple/,https://colorcombinations.org/api/colors/eupatorium-purple.json
fawn,Fawn,,,#d1b0a7,209,176,167,red,3,https://colorcombinations.org/colors/fawn/,https://colorcombinations.org/api/colors/fawn.json
gin,Gin,銀,Silver grey,#BCBCBE,188,188,190,neutral,3,https://colorcombinations.org/colors/gin/,https://colorcombinations.org/api/colors/gin.json
green,Green,,,#489b6e,72,155,110,green,3,https://colorcombinations.org/colors/green/,https://colorcombinations.org/api/colors/green.json
hermosa-pink,Hermosa Pink,,,#f9c1ce,249,193,206,pink,3,https://colorcombinations.org/colors/hermosa-pink/,https://colorcombinations.org/api/colors/hermosa-pink.json
kon,Kon,紺,Deep indigo navy,#1B2A4E,27,42,78,blue,3,https://colorcombinations.org/colors/kon/,https://colorcombinations.org/api/colors/kon.json
light-porcelain-green,Light Porcelain Green,,,#00908a,0,144,138,blue,3,https://colorcombinations.org/colors/light-porcelain-green/,https://colorcombinations.org/api/colors/light-porcelain-green.json
matsuba,Matsuba,松葉,Pine needle dark,#4C5D3F,76,93,63,green,3,https://colorcombinations.org/colors/matsuba/,https://colorcombinations.org/api/colors/matsuba.json
oil-green,Oil Green,,,#819238,129,146,56,green,3,https://colorcombinations.org/colors/oil-green/,https://colorcombinations.org/api/colors/oil-green.json
orange-rufous,Orange Rufous,,,#c16b27,193,107,39,orange,3,https://colorcombinations.org/colors/orange-rufous/,https://colorcombinations.org/api/colors/orange-rufous.json
scarlet,Scarlet,,,#cb2f43,203,47,67,red,3,https://colorcombinations.org/colors/scarlet/,https://colorcombinations.org/api/colors/scarlet.json
shu,Shu,朱,Shrine vermillion,#D8453A,216,69,58,red,3,https://colorcombinations.org/colors/shu/,https://colorcombinations.org/api/colors/shu.json
sudan-brown,Sudan Brown,,,#a36752,163,103,82,brown,3,https://colorcombinations.org/colors/sudan-brown/,https://colorcombinations.org/api/colors/sudan-brown.json
vinaceous-tawny,Vinaceous Tawny,,,#c56127,197,97,39,orange,3,https://colorcombinations.org/colors/vinaceous-tawny/,https://colorcombinations.org/api/colors/vinaceous-tawny.json
ai,Ai,藍,True indigo,#1C3D5A,28,61,90,blue,2,https://colorcombinations.org/colors/ai/,https://colorcombinations.org/api/colors/ai.json
andover-green,Andover Green,,,#6d7e77,109,126,119,neutral,2,https://colorcombinations.org/colors/andover-green/,https://colorcombinations.org/api/colors/andover-green.json
artemesia-green,Artemesia Green,,,#709390,112,147,144,blue,2,https://colorcombinations.org/colors/artemesia-green/,https://colorcombinations.org/api/colors/artemesia-green.json
asagi,Asagi,浅葱,Pale blue-green,#6B9BB0,107,155,176,blue,2,https://colorcombinations.org/colors/asagi/,https://colorcombinations.org/api/colors/asagi.json
cha,Cha,茶,Tea brown,#6C5A3C,108,90,60,brown,2,https://colorcombinations.org/colors/cha/,https://colorcombinations.org/api/colors/cha.json
dark-greenish-glaucous,Dark Greenish Glaucous,,,#b7c2a9,183,194,169,green,2,https://colorcombinations.org/colors/dark-greenish-glaucous/,https://colorcombinations.org/api/colors/dark-greenish-glaucous.json
dark-slate-purple,Dark Slate Purple,,,#704357,112,67,87,purple,2,https://colorcombinations.org/colors/dark-slate-purple/,https://colorcombinations.org/api/colors/dark-slate-purple.json
deep-grayish-olive,Deep Grayish Olive,,,#635a3a,99,90,58,yellow,2,https://colorcombinations.org/colors/deep-grayish-olive/,https://colorcombinations.org/api/colors/deep-grayish-olive.json
dull-blue-violet,Dull Blue Violet,,,#80719e,128,113,158,purple,2,https://colorcombinations.org/colors/dull-blue-violet/,https://colorcombinations.org/api/colors/dull-blue-violet.json
indian-lake,Indian Lake,,,#c53c69,197,60,105,purple,2,https://colorcombinations.org/colors/indian-lake/,https://colorcombinations.org/api/colors/indian-lake.json
kogecha,Kogecha,焦茶,Burnt brown,#4B2E20,75,46,32,brown,2,https://colorcombinations.org/colors/kogecha/,https://colorcombinations.org/api/colors/kogecha.json
light-brownish-olive,Light Brownish Olive,,,#806e4b,128,110,75,brown,2,https://colorcombinations.org/colors/light-brownish-olive/,https://colorcombinations.org/api/colors/light-brownish-olive.json
light-grayish-olive,Light Grayish Olive,,,#848061,132,128,97,yellow,2,https://colorcombinations.org/colors/light-grayish-olive/,https://colorcombinations.org/api/colors/light-grayish-olive.json
mineral-gray,Mineral Gray,,,#a2b0ad,162,176,173,neutral,2,https://colorcombinations.org/colors/mineral-gray/,https://colorcombinations.org/api/colors/mineral-gray.json
ochre-red,Ochre Red,,,#ab544d,171,84,77,red,2,https://colorcombinations.org/colors/ochre-red/,https://colorcombinations.org/api/colors/ochre-red.json
orange-citrine,Orange Citrine,,,#986f2d,152,111,45,orange,2,https://colorcombinations.org/colors/orange-citrine/,https://colorcombinations.org/api/colors/orange-citrine.json
pansy-purple,Pansy Purple,,,#7d133a,125,19,58,purple,2,https://colorcombinations.org/colors/pansy-purple/,https://colorcombinations.org/api/colors/pansy-purple.json
peacock-blue,Peacock Blue,,,#00939b,0,147,155,blue,2,https://colorcombinations.org/colors/peacock-blue/,https://colorcombinations.org/api/colors/peacock-blue.json
pistachio-green,Pistachio Green,,,#648f7b,100,143,123,green,2,https://colorcombinations.org/colors/pistachio-green/,https://colorcombinations.org/api/colors/pistachio-green.json
pomegranite-purple,Pomegranite Purple,,,#b71f57,183,31,87,purple,2,https://colorcombinations.org/colors/pomegranite-purple/,https://colorcombinations.org/api/colors/pomegranite-purple.json
red,Red,,,#a72144,167,33,68,purple,2,https://colorcombinations.org/colors/red/,https://colorcombinations.org/api/colors/red.json
sepia,Sepia,,,#644b1e,100,75,30,orange,2,https://colorcombinations.org/colors/sepia/,https://colorcombinations.org/api/colors/sepia.json
akane,Akane,茜,Madder red,#B23B3B,178,59,59,red,1,https://colorcombinations.org/colors/akane/,https://colorcombinations.org/api/colors/akane.json
ao,Ao,青,Blue-green (classical),#3A7D7B,58,125,123,blue,1,https://colorcombinations.org/colors/ao/,https://colorcombinations.org/api/colors/ao.json
daidai,Daidai,橙,Bitter orange,#F28C28,242,140,40,orange,1,https://colorcombinations.org/colors/daidai/,https://colorcombinations.org/api/colors/daidai.json
edo-murasaki,Edo-murasaki,江戸紫,Edo purple,#5E4A8C,94,74,140,blue,1,https://colorcombinations.org/colors/edo-murasaki/,https://colorcombinations.org/api/colors/edo-murasaki.json
enji,Enji,臙脂,Crimson lake,#9E2B3D,158,43,61,red,1,https://colorcombinations.org/colors/enji/,https://colorcombinations.org/api/colors/enji.json
entan,Entan,鉛丹,Red lead orange,#C8411D,200,65,29,red,1,https://colorcombinations.org/colors/entan/,https://colorcombinations.org/api/colors/entan.json
eugenia-red-a,Eugenia Red | A,,,#e2625e,226,98,94,red,1,https://colorcombinations.org/colors/eugenia-red-a/,https://colorcombinations.org/api/colors/eugenia-red-a.json
fresh-color,Fresh Color,,,#f6917e,246,145,126,red,1,https://colorcombinations.org/colors/fresh-color/,https://colorcombinations.org/api/colors/fresh-color.json
fuji,Fuji,藤,Wisteria purple,#B5A6C9,181,166,201,purple,1,https://colorcombinations.org/colors/fuji/,https://colorcombinations.org/api/colors/fuji.json
gunj,Gunjō,群青,Ultramarine blue,#264A6B,38,74,107,blue,1,https://colorcombinations.org/colors/gunj/,https://colorcombinations.org/api/colors/gunj.json
hanada,Hanada,縹,Indigo blue,#3C6E8F,60,110,143,blue,1,https://colorcombinations.org/colors/hanada/,https://colorcombinations.org/api/colors/hanada.json
hydrangea-red,Hydrangea Red,,,#a94151,169,65,81,red,1,https://colorcombinations.org/colors/hydrangea-red/,https://colorcombinations.org/api/colors/hydrangea-red.json
kaki,Kaki,柿,Persimmon,#D66B37,214,107,55,orange,1,https://colorcombinations.org/colors/kaki/,https://colorcombinations.org/api/colors/kaki.json
kakishibu,Kakishibu,柿渋,Persimmon-tanned,#8A6A47,138,106,71,brown,1,https://colorcombinations.org/colors/kakishibu/,https://colorcombinations.org/api/colors/kakishibu.json
kariyasu,Kariyasu,刈安,Grass yellow,#DCCB7A,220,203,122,yellow,1,https://colorcombinations.org/colors/kariyasu/,https://colorcombinations.org/api/colors/kariyasu.json
kiky,Kikyō,桔梗,Bellflower purple,#5B4B8A,91,75,138,blue,1,https://colorcombinations.org/colors/kiky/,https://colorcombinations.org/api/colors/kiky.json
kin,Kin,金,Gold,#D4AF37,212,175,55,yellow,1,https://colorcombinations.org/colors/kin/,https://colorcombinations.org/api/colors/kin.json
kinuta,Kinuta,砧,Fulled silk,#E8D8B7,232,216,183,yellow,1,https://colorcombinations.org/colors/kinuta/,https://colorcombinations.org/api/colors/kinuta.json
krongbergs-green,Krongbergs Green,,,#84875e,132,135,94,yellow,1,https://colorcombinations.org/colors/krongbergs-green/,https://colorcombinations.org/api/colors/krongbergs-green.json
kurenai,Kurenai,紅,Safflower crimson,#9A2A2A,154,42,42,red,1,https://colorcombinations.org/colors/kurenai/,https://colorcombinations.org/api/colors/kurenai.json
kuri,Kuri,栗,Chestnut brown,#6B3E26,107,62,38,orange,1,https://colorcombinations.org/colors/kuri/,https://colorcombinations.org/api/colors/kuri.json
kuro,Kuro,黒,Lacquer black,#141414,20,20,20,neutral,1,https://colorcombinations.org/colors/kuro/,https://colorcombinations.org/api/colors/kuro.json
light-pinkish-cinnamon,Light Pinkish Cinnamon,,,#fcc79b,252,199,155,orange,1,https://colorcombinations.org/colors/light-pinkish-cinnamon/,https://colorcombinations.org/api/colors/light-pinkish-cinnamon.json
maple,Maple,,,#c59f6b,197,159,107,brown,1,https://colorcombinations.org/colors/maple/,https://colorcombinations.org/api/colors/maple.json
mars-brown-tobacco,Mars Brown Tobacco,,,#653514,101,53,20,orange,1,https://colorcombinations.org/colors/mars-brown-tobacco/,https://colorcombinations.org/api/colors/mars-brown-tobacco.json
matcha,Matcha,抹茶,Matcha green,#A7B86B,167,184,107,green,1,https://colorcombinations.org/colors/matcha/,https://colorcombinations.org/api/colors/matcha.json
mizu-iro,Mizu-iro,水色,Water blue,#B4D6E5,180,214,229,blue,1,https://colorcombinations.org/colors/mizu-iro/,https://colorcombinations.org/api/colors/mizu-iro.json
moegi,Moegi,萌黄,Spring shoot green,#A7C957,167,201,87,green,1,https://colorcombinations.org/colors/moegi/,https://colorcombinations.org/api/colors/moegi.json
murasaki,Murasaki,紫,Royal purple,#7A4E8F,122,78,143,purple,1,https://colorcombinations.org/colors/murasaki/,https://colorcombinations.org/api/colors/murasaki.json
nadeshiko,Nadeshiko,撫子,Dianthus pink,#EBA6B4,235,166,180,pink,1,https://colorcombinations.org/colors/nadeshiko/,https://colorcombinations.org/api/colors/nadeshiko.json
neri-iro,Neri-iro,練色,Silk white,#F3EBDA,243,235,218,yellow,1,https://colorcombinations.org/colors/neri-iro/,https://colorcombinations.org/api/colors/neri-iro.json
nezumi,Nezumi,鼠,Mouse grey,#8A8A8A,138,138,138,neutral,1,https://colorcombinations.org/colors/nezumi/,https://colorcombinations.org/api/colors/nezumi.json
ominaeshi,Ominaeshi,女郎花,Valerian yellow,#DCCB6E,220,203,110,yellow,1,https://colorcombinations.org/colors/ominaeshi/,https://colorcombinations.org/api/colors/ominaeshi.json
purple-drab,Purple Drab,,,#84565b,132,86,91,red,1,https://colorcombinations.org/colors/purple-drab/,https://colorcombinations.org/api/colors/purple-drab.json
riky-nezumi,Rikyū-nezumi,利休鼠,Rikyū grey,#878A74,135,138,116,neutral,1,https://colorcombinations.org/colors/riky-nezumi/,https://colorcombinations.org/api/colors/riky-nezumi.json
ruri,Ruri,瑠璃,Lapis lazuli,#1E4B8A,30,75,138,blue,1,https://colorcombinations.org/colors/ruri/,https://colorcombinations.org/api/colors/ruri.json
sakura,Sakura,桜,Cherry blossom pink,#F9D5E0,249,213,224,pink,1,https://colorcombinations.org/colors/sakura/,https://colorcombinations.org/api/colors/sakura.json
seiji,Seiji,青磁,Celadon green,#8DB6A5,141,182,165,green,1,https://colorcombinations.org/colors/seiji/,https://colorcombinations.org/api/colors/seiji.json
shiro,Shiro,白,White,#FFFFFF,255,255,255,neutral,1,https://colorcombinations.org/colors/shiro/,https://colorcombinations.org/api/colors/shiro.json
sora,Sora,空,Sky blue,#7AB2D3,122,178,211,blue,1,https://colorcombinations.org/colors/sora/,https://colorcombinations.org/api/colors/sora.json
suna-iro,Suna-iro,砂色,Sand,#EAE1CC,234,225,204,yellow,1,https://colorcombinations.org/colors/suna-iro/,https://colorcombinations.org/api/colors/suna-iro.json
tobi,Tobi,鳶,Kite brown,#8A5A3B,138,90,59,brown,1,https://colorcombinations.org/colors/tobi/,https://colorcombinations.org/api/colors/tobi.json
tokiwa,Tokiwa,常磐,Evergreen,#344E3D,52,78,61,green,1,https://colorcombinations.org/colors/tokiwa/,https://colorcombinations.org/api/colors/tokiwa.json
ukon,Ukon,鬱金,Turmeric yellow,#E0B740,224,183,64,yellow,1,https://colorcombinations.org/colors/ukon/,https://colorcombinations.org/api/colors/ukon.json
usubeni,Usubeni,薄紅,Light red,#E8A4A4,232,164,164,red,1,https://colorcombinations.org/colors/usubeni/,https://colorcombinations.org/api/colors/usubeni.json
violet-carmine,Violet Carmine,,,#713b4c,113,59,76,purple,1,https://colorcombinations.org/colors/violet-carmine/,https://colorcombinations.org/api/colors/violet-carmine.json
violet-red,Violet Red,,,#642d5e,100,45,94,purple,1,https://colorcombinations.org/colors/violet-red/,https://colorcombinations.org/api/colors/violet-red.json
wakatake,Wakatake,若竹,Young bamboo green,#A3C293,163,194,147,green,1,https://colorcombinations.org/colors/wakatake/,https://colorcombinations.org/api/colors/wakatake.json
white,White,,,#ffffff,255,255,255,neutral,1,https://colorcombinations.org/colors/white/,https://colorcombinations.org/api/colors/white.json
yamabuki,Yamabuki,山吹,Kerria gold,#F5B71C,245,183,28,yellow,1,https://colorcombinations.org/colors/yamabuki/,https://colorcombinations.org/api/colors/yamabuki.json
